Execution Time（s）,Execution2 Time（s）,Execution5 Time（s）
0.37016868591308594,,
0.16913104057312012,,
0.1802380084991455,,
0.1479499340057373,,
0.17105579376220703,,
0.23231816291809082,,
0.1614542007446289,,
0.16553902626037598,,
0.2588658332824707,,
0.20868802070617676,,
0.22029805183410645,,
0.16506290435791016,,
平均时间（s）:{avg},,
最大时间（s）:{max_val},,
最小时间（s）:{min_val},,
